departamentocodigo,departamentonombre,municipiocodigo,municipionombre,agente,bandera,direccion,producto,precio,estado,fecharegistro,Direccion2,Full Address,Coords
25,CUNDINAMARCA,25175,CHIA,COMERCIAL SANTA INES LIMITADA EN LIQUIDACION,TERPEL,CARRERA 1 No. 6A-60,GASOLINA CORRIENTE OXIGENADA,"8,060",1,2017-01-04,CARRERA 1 No. 6A-60,"CARRERA 1 No. 6A-60,CHIA,Colombia","(4.864758, -74.05091800000001)"
25,CUNDINAMARCA,25175,CHIA,COMERCIAL SANTA INES LIMITADA EN LIQUIDACION,TERPEL,CARRERA 1 No. 6A-60,BIODIESEL EXTRA,"7,600",1,2017-01-04,CARRERA 1 No. 6A-60,"CARRERA 1 No. 6A-60,CHIA,Colombia","(4.864758, -74.05091800000001)"
25,CUNDINAMARCA,25175,CHIA,COMERCIAL SANTA INES LIMITADA EN LIQUIDACION,TERPEL,CARRERA 1 No. 6A-60,GASOLINA EXTRA OXIGENADA,"10,000",1,2017-01-04,CARRERA 1 No. 6A-60,"CARRERA 1 No. 6A-60,CHIA,Colombia","(4.864758, -74.05091800000001)"
52,NARIÑO,52621,ROBERTO PAYAN SAN JOSE,ESTACION DE SERVICIO EL SUR BOCAS DEL TELEMBI,TERPEL,BOCAS DE TELEMBI DE ROBERTO PAYAN,GASOLINA CORRIENTE OXIGENADA,"6,690",1,2017-01-04,BOCAS DE TELEMBI DE ROBERTO PAYAN,"BOCAS DE TELEMBI DE ROBERTO PAYAN,ROBERTO PAYAN SAN JOSE,Colombia","(1.8270374, -78.2687713)"
52,NARIÑO,52621,ROBERTO PAYAN SAN JOSE,ESTACION DE SERVICIO LOS ROSALES,BIOMAX,VEREDA PATIA DE ROBERTO PAYAN,GASOLINA CORRIENTE OXIGENADA,"9,270",1,2017-10-11,VEREDA PATIA DE ROBERTO PAYAN,"VEREDA PATIA DE ROBERTO PAYAN,ROBERTO PAYAN SAN JOSE,Colombia","(2.175267333773093, -77.87900286746259)"
52,NARIÑO,52621,ROBERTO PAYAN SAN JOSE,ESTACION DE SERVICIO LOS ROSALES,BIOMAX,VEREDA PATIA DE ROBERTO PAYAN,BIODIESEL EXTRA,"8,730",1,2017-10-11,VEREDA PATIA DE ROBERTO PAYAN,"VEREDA PATIA DE ROBERTO PAYAN,ROBERTO PAYAN SAN JOSE,Colombia","(2.175267333773093, -77.87900286746259)"
52,NARIÑO,52427,MAGUI (PAYAN),ESTACION DE SERVICO LOS HERMANOS,TEXACO,BARRIO CUATA,BIODIESEL EXTRA,"6,700",1,2017-10-02,BARRIO CUATA,"BARRIO CUATA,MAGUI (PAYAN),Colombia","(1.7658466, -78.1838239)"
52,NARIÑO,52427,MAGUI (PAYAN),ESTACION DE SERVICO LOS HERMANOS,TEXACO,BARRIO CUATA,GASOLINA CORRIENTE OXIGENADA,"6,800",1,2017-10-02,BARRIO CUATA,"BARRIO CUATA,MAGUI (PAYAN),Colombia","(1.7658466, -78.1838239)"
52,NARIÑO,52621,ROBERTO PAYAN SAN JOSE,ESTACION DE SERVICIO FLUVIAL COMBUSTIBLES SURTIMAX,TERPEL,DESEMBOCADURA DEL RIO SAHUNDE,GASOLINA CORRIENTE OXIGENADA,"7,000",1,2017-10-06,DESEMBOCADURA DEL RIO SAHUNDE,"DESEMBOCADURA DEL RIO SAHUNDE,ROBERTO PAYAN SAN JOSE,Colombia","(1.6968144, -78.2513396)"
52,NARIÑO,52621,ROBERTO PAYAN SAN JOSE,ESTACION DE SERVICIO FLUVIAL COMBUSTIBLES SURTIMAX,TERPEL,DESEMBOCADURA DEL RIO SAHUNDE,BIODIESEL EXTRA,"6,860",1,2017-10-06,DESEMBOCADURA DEL RIO SAHUNDE,"DESEMBOCADURA DEL RIO SAHUNDE,ROBERTO PAYAN SAN JOSE,Colombia","(1.6968144, -78.2513396)"
52,NARIÑO,52079,BARBACOAS,COMBUSTIBLES EL 15 DE AGOSTO,PETROMIL,La Ilusión Vereda Santa Rosa,BIODIESEL EXTRA,"6,810",1,2017-10-10,La Ilusión Vereda Santa Rosa,"La Ilusión Vereda Santa Rosa,BARBACOAS,Colombia","(1.5635978, -78.0195387)"
52,NARIÑO,52079,BARBACOAS,COMBUSTIBLES EL 15 DE AGOSTO,PETROMIL,La Ilusión Vereda Santa Rosa,GASOLINA CORRIENTE OXIGENADA,"6,950",1,2017-10-10,La Ilusión Vereda Santa Rosa,"La Ilusión Vereda Santa Rosa,BARBACOAS,Colombia","(1.5635978, -78.0195387)"
25,CUNDINAMARCA,25535,PASCA,ESTACION DE SERVICIO ISABELL INVERSIONES SAS,TERPEL,DIAGONAL 3 No. 4-61,GASOLINA CORRIENTE OXIGENADA,"8,610",1,2017-07-04,DIAGONAL 3 No. 4-61,"DIAGONAL 3 No. 4-61,PASCA,Colombia","(4.3067571, -74.3013587)"
25,CUNDINAMARCA,25535,PASCA,ESTACION DE SERVICIO ISABELL INVERSIONES SAS,TERPEL,DIAGONAL 3 No. 4-61,BIOACEM AL 9%,"7,834",1,2017-07-04,DIAGONAL 3 No. 4-61,"DIAGONAL 3 No. 4-61,PASCA,Colombia","(4.3067571, -74.3013587)"
25,CUNDINAMARCA,25535,PASCA,ESTACION DE SERVICIO ISABELL INVERSIONES SAS,TERPEL,DIAGONAL 3 No. 4-61,BIODIESEL EXTRA,"7,934",1,2017-07-04,DIAGONAL 3 No. 4-61,"DIAGONAL 3 No. 4-61,PASCA,Colombia","(4.3067571, -74.3013587)"
52,NARIÑO,52621,ROBERTO PAYAN SAN JOSE,ESTACION DE SERVICIO LA PERLA,TERPEL,MUELLE PRINCIPAL DE ROBERTO PAYAN,BIODIESEL EXTRA,"6,860",1,2017-10-06,MUELLE PRINCIPAL DE ROBERTO PAYAN,"MUELLE PRINCIPAL DE ROBERTO PAYAN,ROBERTO PAYAN SAN JOSE,Colombia","(4.570868, -74.297333)"
52,NARIÑO,52621,ROBERTO PAYAN SAN JOSE,ESTACION DE SERVICIO LA PERLA,TERPEL,MUELLE PRINCIPAL DE ROBERTO PAYAN,GASOLINA CORRIENTE OXIGENADA,"7,000",1,2017-10-06,MUELLE PRINCIPAL DE ROBERTO PAYAN,"MUELLE PRINCIPAL DE ROBERTO PAYAN,ROBERTO PAYAN SAN JOSE,Colombia","(4.570868, -74.297333)"
52,NARIÑO,52621,ROBERTO PAYAN SAN JOSE,ESTACION DE GASOLINA SAN ANTONIO,BIOMAX,VEREDA SAN ANTONIO BOCAS DEL TELEMBI,GASOLINA CORRIENTE OXIGENADA,"6,800",1,2017-10-01,VEREDA SAN ANTONIO BOCAS DEL TELEMBI,"VEREDA SAN ANTONIO BOCAS DEL TELEMBI,ROBERTO PAYAN SAN JOSE,Colombia","(1.718516, -78.25312)"
52,NARIÑO,52621,ROBERTO PAYAN SAN JOSE,ESTACION DE GASOLINA SAN ANTONIO,BIOMAX,VEREDA SAN ANTONIO BOCAS DEL TELEMBI,BIODIESEL EXTRA,"6,700",1,2017-10-01,VEREDA SAN ANTONIO BOCAS DEL TELEMBI,"VEREDA SAN ANTONIO BOCAS DEL TELEMBI,ROBERTO PAYAN SAN JOSE,Colombia","(1.718516, -78.25312)"
25,CUNDINAMARCA,25491,NOCAIMA,EDS EL NARANJAL,BIOMAX,AUTOPISTA BOGOTA - MEDELLIN LA VEGA - VILLETA KILOMETRO 9,BIODIESEL EXTRA,"7,834",1,2017-08-04,AUTOPISTA BOGOTA - MEDELLIN LA VEGA - VILLETA KILOMETRO 9,"AUTOPISTA BOGOTA - MEDELLIN LA VEGA - VILLETA KILOMETRO 9,NOCAIMA,Colombia","(5.0545728, -74.3996273)"
25,CUNDINAMARCA,25491,NOCAIMA,EDS EL NARANJAL,BIOMAX,AUTOPISTA BOGOTA - MEDELLIN LA VEGA - VILLETA KILOMETRO 9,GASOLINA CORRIENTE OXIGENADA,"8,819",1,2017-08-04,AUTOPISTA BOGOTA - MEDELLIN LA VEGA - VILLETA KILOMETRO 9,"AUTOPISTA BOGOTA - MEDELLIN LA VEGA - VILLETA KILOMETRO 9,NOCAIMA,Colombia","(5.0545728, -74.3996273)"
25,CUNDINAMARCA,25491,NOCAIMA,EDS EL NARANJAL,BIOMAX,AUTOPISTA BOGOTA - MEDELLIN LA VEGA - VILLETA KILOMETRO 9,BIOACEM AL 9%,"7,834",1,2017-08-04,AUTOPISTA BOGOTA - MEDELLIN LA VEGA - VILLETA KILOMETRO 9,"AUTOPISTA BOGOTA - MEDELLIN LA VEGA - VILLETA KILOMETRO 9,NOCAIMA,Colombia","(5.0545728, -74.3996273)"
52,NARIÑO,52473,MOSQUERA,ESTACION DE SERVICIO VARIEDADES RAJI LTDA,BIOMAX,CALLE 2 No. 6 -05,GASOLINA CORRIENTE OXIGENADA,"7,250",1,2017-04-05,CALLE 2 No. 6 -05,"CALLE 2 No. 6 -05,MOSQUERA,Colombia","(4.7092566, -74.22622989999999)"
52,NARIÑO,52427,MAGUI (PAYAN),ESTACION DE SERVICIO EL PATIA,TERPEL,RIVERA DEL RIO MAGUI,GASOLINA CORRIENTE OXIGENADA,"7,000",1,2017-10-06,RIVERA DEL RIO MAGUI,"RIVERA DEL RIO MAGUI,MAGUI (PAYAN),Colombia","(1.7658466, -78.1838239)"
52,NARIÑO,52427,MAGUI (PAYAN),ESTACION DE SERVICIO EL PATIA,TERPEL,RIVERA DEL RIO MAGUI,BIODIESEL EXTRA,"6,860",1,2017-10-06,RIVERA DEL RIO MAGUI,"RIVERA DEL RIO MAGUI,MAGUI (PAYAN),Colombia","(1.7658466, -78.1838239)"
52,NARIÑO,52079,BARBACOAS,COMBUSTIBLES Y LUBRICANTES BUENAVISTA,PETROMIL,LA ILUSION,BIODIESEL EXTRA,"6,810",1,2017-10-04,LA ILUSION,"LA ILUSION,BARBACOAS,Colombia","(1.5635978, -78.0195387)"
52,NARIÑO,52079,BARBACOAS,COMBUSTIBLES Y LUBRICANTES BUENAVISTA,PETROMIL,LA ILUSION,GASOLINA CORRIENTE OXIGENADA,"6,950",1,2017-10-04,LA ILUSION,"LA ILUSION,BARBACOAS,Colombia","(1.5635978, -78.0195387)"
52,NARIÑO,52079,BARBACOAS,ESTACION DE SERVICIO GASOLINERA EL BOSQUE,TEXACO,VEREDA LA PAMPA,GASOLINA CORRIENTE OXIGENADA,"6,650",1,2017-10-02,VEREDA LA PAMPA,"VEREDA LA PAMPA,BARBACOAS,Colombia","(2.49542, -78.39492)"
52,NARIÑO,52079,BARBACOAS,ESTACION DE SERVICIO GASOLINERA EL BOSQUE,TEXACO,VEREDA LA PAMPA,BIODIESEL EXTRA,"6,500",1,2017-10-02,VEREDA LA PAMPA,"VEREDA LA PAMPA,BARBACOAS,Colombia","(2.49542, -78.39492)"
52,NARIÑO,52079,BARBACOAS,ESTACION DE SERVICIO FLUVIAL COMBUSTIBLES Y LUBRICANTES JERONIMO,BIOMAX,ORILLA DEL RIO TELEMBI - BARBACOAS,GASOLINA CORRIENTE OXIGENADA,"6,700",1,2017-10-02,ORILLA DEL RIO TELEMBI - BARBACOAS,"ORILLA DEL RIO TELEMBI - BARBACOAS,BARBACOAS,Colombia","(1.503034049436271, -77.97385956950869)"
52,NARIÑO,52079,BARBACOAS,ESTACION DE SERVICIO FLUVIAL COMBUSTIBLES Y LUBRICANTES JERONIMO,BIOMAX,ORILLA DEL RIO TELEMBI - BARBACOAS,BIODIESEL EXTRA,"6,600",1,2017-10-02,ORILLA DEL RIO TELEMBI - BARBACOAS,"ORILLA DEL RIO TELEMBI - BARBACOAS,BARBACOAS,Colombia","(1.503034049436271, -77.97385956950869)"
25,CUNDINAMARCA,25736,SESQUILE,ESTACION DE SERVICIO EDS EL DORADO,TEXACO,AUTOPISTA NORTE KILOMETRO 43 COSTADO OCCIDENTAL,BIODIESEL EXTRA,"7,739",1,2017-10-02,AUTOPISTA NORTE KILOMETRO 43 COSTADO OCCIDENTAL,"AUTOPISTA NORTE KILOMETRO 43 COSTADO OCCIDENTAL,SESQUILE,Colombia","(5.0445905, -73.7967966)"
25,CUNDINAMARCA,25736,SESQUILE,ESTACION DE SERVICIO EDS EL DORADO,TEXACO,AUTOPISTA NORTE KILOMETRO 43 COSTADO OCCIDENTAL,GASOLINA EXTRA OXIGENADA,"11,999",1,2017-10-02,AUTOPISTA NORTE KILOMETRO 43 COSTADO OCCIDENTAL,"AUTOPISTA NORTE KILOMETRO 43 COSTADO OCCIDENTAL,SESQUILE,Colombia","(5.0445905, -73.7967966)"
25,CUNDINAMARCA,25736,SESQUILE,ESTACION DE SERVICIO EDS EL DORADO,TEXACO,AUTOPISTA NORTE KILOMETRO 43 COSTADO OCCIDENTAL,GASOLINA CORRIENTE OXIGENADA,"8,800",1,2017-10-02,AUTOPISTA NORTE KILOMETRO 43 COSTADO OCCIDENTAL,"AUTOPISTA NORTE KILOMETRO 43 COSTADO OCCIDENTAL,SESQUILE,Colombia","(5.0445905, -73.7967966)"
25,CUNDINAMARCA,25736,SESQUILE,ESTACION DE SERVICIO EDS EL DORADO,TEXACO,AUTOPISTA NORTE KILOMETRO 43 COSTADO OCCIDENTAL,BIOACEM AL 9%,"7,739",1,2017-10-02,AUTOPISTA NORTE KILOMETRO 43 COSTADO OCCIDENTAL,"AUTOPISTA NORTE KILOMETRO 43 COSTADO OCCIDENTAL,SESQUILE,Colombia","(5.0445905, -73.7967966)"
52,NARIÑO,52427,MAGUI (PAYAN),GASOLINERA BRISAS DEL MAGUI,TERPEL,SECTOR CEDROS DE MAGUI,BIODIESEL EXTRA,"6,860",1,2017-11-06,SECTOR CEDROS DE MAGUI,"SECTOR CEDROS DE MAGUI,MAGUI (PAYAN),Colombia","(1.7658466, -78.1838239)"
52,NARIÑO,52427,MAGUI (PAYAN),GASOLINERA BRISAS DEL MAGUI,TERPEL,SECTOR CEDROS DE MAGUI,GASOLINA CORRIENTE OXIGENADA,"7,000",1,2017-11-06,SECTOR CEDROS DE MAGUI,"SECTOR CEDROS DE MAGUI,MAGUI (PAYAN),Colombia","(1.7658466, -78.1838239)"
52,NARIÑO,52621,ROBERTO PAYAN SAN JOSE,ESTACION DE SERVICIO SURTITELEMBI,BIOMAX,DESEMBOCADURA DEL RIO SAHUNDE LA ISLA,BIODIESEL EXTRA,"6,860",1,2017-10-03,DESEMBOCADURA DEL RIO SAHUNDE LA ISLA,"DESEMBOCADURA DEL RIO SAHUNDE LA ISLA,ROBERTO PAYAN SAN JOSE,Colombia","(1.718516, -78.25312)"
52,NARIÑO,52621,ROBERTO PAYAN SAN JOSE,ESTACION DE SERVICIO SURTITELEMBI,BIOMAX,DESEMBOCADURA DEL RIO SAHUNDE LA ISLA,GASOLINA CORRIENTE OXIGENADA,"7,000",1,2017-10-03,DESEMBOCADURA DEL RIO SAHUNDE LA ISLA,"DESEMBOCADURA DEL RIO SAHUNDE LA ISLA,ROBERTO PAYAN SAN JOSE,Colombia","(1.718516, -78.25312)"
52,NARIÑO,52427,MAGUI (PAYAN),ESTACION DE SERVIICO NUEVA OLA,BIOMAX,VEREDA BOCAS DE MAGUI,BIODIESEL EXTRA,"6,800",1,2017-10-30,VEREDA BOCAS DE MAGUI,"VEREDA BOCAS DE MAGUI,MAGUI (PAYAN),Colombia","(1.7658466, -78.1838239)"
52,NARIÑO,52427,MAGUI (PAYAN),ESTACION DE SERVIICO NUEVA OLA,BIOMAX,VEREDA BOCAS DE MAGUI,GASOLINA CORRIENTE OXIGENADA,"6,700",1,2017-10-30,VEREDA BOCAS DE MAGUI,"VEREDA BOCAS DE MAGUI,MAGUI (PAYAN),Colombia","(1.7658466, -78.1838239)"
52,NARIÑO,52427,MAGUI (PAYAN),ESTACION DE SERVICIO GASOLINERA RANCHO GRANDE,BIOMAX,CALLE PRINCIPAL,GASOLINA CORRIENTE OXIGENADA,"7,000",1,2017-10-01,CALLE PRINCIPAL,"CALLE PRINCIPAL,MAGUI (PAYAN),Colombia","(1.7658466, -78.1838239)"
52,NARIÑO,52427,MAGUI (PAYAN),ESTACION DE SERVICIO GASOLINERA RANCHO GRANDE,BIOMAX,CALLE PRINCIPAL,BIODIESEL EXTRA,"6,860",1,2017-10-01,CALLE PRINCIPAL,"CALLE PRINCIPAL,MAGUI (PAYAN),Colombia","(1.7658466, -78.1838239)"
52,NARIÑO,52079,BARBACOAS,ESTACION DE SERVICIO 29 DE AGOSTO,BIOMAX,BARRIO EL PARAISO,GASOLINA CORRIENTE OXIGENADA,"6,500",1,2017-10-11,BARRIO EL PARAISO,"BARRIO EL PARAISO,BARBACOAS,Colombia","(1.674177, -78.1334037)"
52,NARIÑO,52079,BARBACOAS,ESTACION DE SERVICIO 29 DE AGOSTO,BIOMAX,BARRIO EL PARAISO,BIODIESEL EXTRA,"6,500",1,2017-10-11,BARRIO EL PARAISO,"BARRIO EL PARAISO,BARBACOAS,Colombia","(1.674177, -78.1334037)"
52,NARIÑO,52490,OLAYA HERRERA (BOCAS DE SATINGA),ESTACION DE SERVICIO DEPOSITO CAICEDO,BIOMAX,VEREDA LA LOMA,BIODIESEL EXTRA,"6,223",1,2017-06-01,VEREDA LA LOMA,"VEREDA LA LOMA,OLAYA HERRERA (BOCAS DE SATINGA),Colombia","(2.3485311, -78.32621089999999)"
52,NARIÑO,52490,OLAYA HERRERA (BOCAS DE SATINGA),ESTACION DE SERVICIO DEPOSITO CAICEDO,BIOMAX,VEREDA LA LOMA,GASOLINA CORRIENTE,"6,138",1,2017-06-01,VEREDA LA LOMA,"VEREDA LA LOMA,OLAYA HERRERA (BOCAS DE SATINGA),Colombia","(2.3485311, -78.32621089999999)"
52,NARIÑO,52621,ROBERTO PAYAN SAN JOSE,ESTACION DE SERVICIO GASOLINERA EL PUEBLO DE PAYAN,PETROMIL,VEREDA LOMA LINDA,BIODIESEL EXTRA,"6,500",1,2017-10-02,VEREDA LOMA LINDA,"VEREDA LOMA LINDA,ROBERTO PAYAN SAN JOSE,Colombia","(1.718516, -78.25312)"
52,NARIÑO,52621,ROBERTO PAYAN SAN JOSE,ESTACION DE SERVICIO GASOLINERA EL PUEBLO DE PAYAN,PETROMIL,VEREDA LOMA LINDA,BIODIESEL EXTRA,"6,500",1,2017-10-02,VEREDA LOMA LINDA,"VEREDA LOMA LINDA,ROBERTO PAYAN SAN JOSE,Colombia","(1.718516, -78.25312)"
52,NARIÑO,52621,ROBERTO PAYAN SAN JOSE,ESTACION DE SERVICIO COMBUSTIBLES LA BONANZA,TEXACO,VEREDA LOMA LINDA,BIODIESEL EXTRA,"6,600",1,2017-10-02,VEREDA LOMA LINDA,"VEREDA LOMA LINDA,ROBERTO PAYAN SAN JOSE,Colombia","(1.718516, -78.25312)"
52,NARIÑO,52621,ROBERTO PAYAN SAN JOSE,ESTACION DE SERVICIO COMBUSTIBLES LA BONANZA,TEXACO,VEREDA LOMA LINDA,BIODIESEL EXTRA,"6,600",1,2017-10-02,VEREDA LOMA LINDA,"VEREDA LOMA LINDA,ROBERTO PAYAN SAN JOSE,Colombia","(1.718516, -78.25312)"
52,NARIÑO,52621,ROBERTO PAYAN SAN JOSE,ESTACION DE SERVICIO COMBUSTIBLES LA BONANZA,TEXACO,VEREDA LOMA LINDA,GASOLINA CORRIENTE OXIGENADA,"6,700",1,2017-10-02,VEREDA LOMA LINDA,"VEREDA LOMA LINDA,ROBERTO PAYAN SAN JOSE,Colombia","(1.718516, -78.25312)"
52,NARIÑO,52621,ROBERTO PAYAN SAN JOSE,ESTACION DE SERVICIO COMBUSTIBLES LA BONANZA,TEXACO,VEREDA LOMA LINDA,GASOLINA CORRIENTE OXIGENADA,"6,700",1,2017-10-02,VEREDA LOMA LINDA,"VEREDA LOMA LINDA,ROBERTO PAYAN SAN JOSE,Colombia","(1.718516, -78.25312)"
52,NARIÑO,52621,ROBERTO PAYAN SAN JOSE,ESTACION DE SERVICIO GASOLINERA EL PUEBLO DE PAYAN,PETROMIL,VEREDA LOMA LINDA,GASOLINA CORRIENTE OXIGENADA,"6,650",1,2017-10-02,VEREDA LOMA LINDA,"VEREDA LOMA LINDA,ROBERTO PAYAN SAN JOSE,Colombia","(1.718516, -78.25312)"
52,NARIÑO,52621,ROBERTO PAYAN SAN JOSE,ESTACION DE SERVICIO GASOLINERA EL PUEBLO DE PAYAN,PETROMIL,VEREDA LOMA LINDA,GASOLINA CORRIENTE OXIGENADA,"6,650",1,2017-10-02,VEREDA LOMA LINDA,"VEREDA LOMA LINDA,ROBERTO PAYAN SAN JOSE,Colombia","(1.718516, -78.25312)"
52,NARIÑO,52427,MAGUI (PAYAN),ESTACION DE SERVICIO VILLA FLOR,TERPEL,BARRIO LA PLAYITA,GASOLINA CORRIENTE OXIGENADA,"7,000",1,2017-09-06,BARRIO LA PLAYITA,"BARRIO LA PLAYITA,MAGUI (PAYAN),Colombia","(1.7658466, -78.1838239)"
52,NARIÑO,52427,MAGUI (PAYAN),ESTACION DE SERVICIO VILLA FLOR,TERPEL,BARRIO LA PLAYITA,BIODIESEL EXTRA,"6,860",1,2017-09-06,BARRIO LA PLAYITA,"BARRIO LA PLAYITA,MAGUI (PAYAN),Colombia","(1.7658466, -78.1838239)"
52,NARIÑO,52079,BARBACOAS,ESTACION DE SERVICIO ALEXANDRA,BIOMAX,Riveras Río Telembí,GASOLINA CORRIENTE OXIGENADA,"6,950",1,2017-10-04,Riveras Río Telembí,"Riveras Río Telembí,BARBACOAS,Colombia","(1.503034049436271, -77.97385956950869)"
52,NARIÑO,52079,BARBACOAS,ESTACION DE SERVICIO ALEXANDRA,BIOMAX,Riveras Río Telembí,BIODIESEL EXTRA,"6,810",1,2017-10-04,Riveras Río Telembí,"Riveras Río Telembí,BARBACOAS,Colombia","(1.503034049436271, -77.97385956950869)"
52,NARIÑO,52079,BARBACOAS,ESTACION DE SERVICIO COMBUSTIBLES SAN RAFAEL,BIOMAX,RIVERA DEL RIO TELEMBI FRENTE APASO GRANDE,BIODIESEL EXTRA,"8,730",1,2017-10-19,RIVERA DEL RIO TELEMBI FRENTE APASO GRANDE,"RIVERA DEL RIO TELEMBI FRENTE APASO GRANDE,BARBACOAS,Colombia","(1.5635978, -78.0195387)"
52,NARIÑO,52079,BARBACOAS,ESTACION DE SERVICIO COMBUSTIBLES SAN RAFAEL,BIOMAX,RIVERA DEL RIO TELEMBI FRENTE APASO GRANDE,GASOLINA CORRIENTE OXIGENADA,"9,270",1,2017-10-19,RIVERA DEL RIO TELEMBI FRENTE APASO GRANDE,"RIVERA DEL RIO TELEMBI FRENTE APASO GRANDE,BARBACOAS,Colombia","(1.5635978, -78.0195387)"
52,NARIÑO,52621,ROBERTO PAYAN SAN JOSE,COMBUSTIBLES Y LUBRICANTES BRISAS DEL PATIA,BIOMAX,ROBERTO PAYAN,GASOLINA CORRIENTE OXIGENADA,"7,000",1,2017-09-06,ROBERTO PAYAN,"ROBERTO PAYAN,ROBERTO PAYAN SAN JOSE,Colombia","(1.718516, -78.25312)"
52,NARIÑO,52621,ROBERTO PAYAN SAN JOSE,COMBUSTIBLES Y LUBRICANTES BRISAS DEL PATIA,BIOMAX,ROBERTO PAYAN,BIODIESEL EXTRA,"6,860",1,2017-09-06,ROBERTO PAYAN,"ROBERTO PAYAN,ROBERTO PAYAN SAN JOSE,Colombia","(1.718516, -78.25312)"
52,NARIÑO,52427,MAGUI (PAYAN),ESTACION DE SERVICIO FLUVIAL COMBUSTIBLES Y LUBRICANTES MAGUIREÑA,BIOMAX,MAGUI PAYAN,GASOLINA CORRIENTE OXIGENADA,"7,000",1,2017-10-03,MAGUI PAYAN,"MAGUI PAYAN,MAGUI (PAYAN),Colombia","(1.7658466, -78.1838239)"
52,NARIÑO,52427,MAGUI (PAYAN),ESTACION DE SERVICIO FLUVIAL COMBUSTIBLES Y LUBRICANTES MAGUIREÑA,BIOMAX,MAGUI PAYAN,BIODIESEL EXTRA,"6,860",1,2017-10-03,MAGUI PAYAN,"MAGUI PAYAN,MAGUI (PAYAN),Colombia","(1.7658466, -78.1838239)"
52,NARIÑO,52427,MAGUI (PAYAN),ESTACION DE SERVICIO CAMPO ALEGRE,BIOMAX,RIVERAS DEL RIO MAGUI FRENTE A MAGUI PAYAN,BIODIESEL EXTRA,"8,730",1,2017-10-19,RIVERAS DEL RIO MAGUI FRENTE A MAGUI PAYAN,"RIVERAS DEL RIO MAGUI FRENTE A MAGUI PAYAN,MAGUI (PAYAN),Colombia","(1.7658466, -78.1838239)"
52,NARIÑO,52427,MAGUI (PAYAN),ESTACION DE SERVICIO CAMPO ALEGRE,BIOMAX,RIVERAS DEL RIO MAGUI FRENTE A MAGUI PAYAN,GASOLINA CORRIENTE OXIGENADA,"9,270",1,2017-10-19,RIVERAS DEL RIO MAGUI FRENTE A MAGUI PAYAN,"RIVERAS DEL RIO MAGUI FRENTE A MAGUI PAYAN,MAGUI (PAYAN),Colombia","(1.7658466, -78.1838239)"
25,CUNDINAMARCA,25513,PACHO,ESTACION SANTA CECILIA,BIOMAX,DIAGONAL 5 No.18 - 107,BIODIESEL EXTRA,"8,253",1,2017-11-02,DIAGONAL 5 No.18 - 107,"DIAGONAL 5 No.18 - 107,PACHO,Colombia","(5.132306199999999, -74.15770069999999)"
25,CUNDINAMARCA,25513,PACHO,ESTACION SANTA CECILIA,BIOMAX,DIAGONAL 5 No.18 - 107,BIOACEM AL 9%,"8,253",1,2017-11-02,DIAGONAL 5 No.18 - 107,"DIAGONAL 5 No.18 - 107,PACHO,Colombia","(5.132306199999999, -74.15770069999999)"
25,CUNDINAMARCA,25513,PACHO,ESTACION SANTA CECILIA,BIOMAX,DIAGONAL 5 No.18 - 107,GASOLINA CORRIENTE OXIGENADA,"8,990",1,2017-11-02,DIAGONAL 5 No.18 - 107,"DIAGONAL 5 No.18 - 107,PACHO,Colombia","(5.132306199999999, -74.15770069999999)"
25,CUNDINAMARCA,25513,PACHO,ESTACION SANTA CECILIA,BIOMAX,DIAGONAL 5 No.18 - 107,GASOLINA EXTRA OXIGENADA,"11,280",1,2017-11-02,DIAGONAL 5 No.18 - 107,"DIAGONAL 5 No.18 - 107,PACHO,Colombia","(5.132306199999999, -74.15770069999999)"
52,NARIÑO,52427,MAGUI (PAYAN),MAGUI A,BIOMAX,BARRIO EL CEDRO DE MAGUI,GASOLINA CORRIENTE OXIGENADA,"6,860",1,2017-10-01,BARRIO EL CEDRO DE MAGUI,"BARRIO EL CEDRO DE MAGUI,MAGUI (PAYAN),Colombia","(3.4329876, -76.5383463)"
52,NARIÑO,52427,MAGUI (PAYAN),MAGUI A,BIOMAX,BARRIO EL CEDRO DE MAGUI,BIODIESEL EXTRA,"7,000",1,2017-10-01,BARRIO EL CEDRO DE MAGUI,"BARRIO EL CEDRO DE MAGUI,MAGUI (PAYAN),Colombia","(3.4329876, -76.5383463)"
52,NARIÑO,52427,MAGUI (PAYAN),ESTACION DE SERVICIOS LA PAMPETA,TEXACO,CABECERA MINUCIPAL DE MAGUI PAYAN BARRIO LA PLAYITA DE MAGUI,BIODIESEL EXTRA,"6,860",1,2017-10-06,CABECERA MINUCIPAL DE MAGUI PAYAN BARRIO LA PLAYITA DE MAGUI,"CABECERA MINUCIPAL DE MAGUI PAYAN BARRIO LA PLAYITA DE MAGUI,MAGUI (PAYAN),Colombia","(1.7658466, -78.1838239)"
52,NARIÑO,52427,MAGUI (PAYAN),ESTACION DE SERVICIOS LA PAMPETA,TEXACO,CABECERA MINUCIPAL DE MAGUI PAYAN BARRIO LA PLAYITA DE MAGUI,GASOLINA CORRIENTE OXIGENADA,"7,000",1,2017-10-06,CABECERA MINUCIPAL DE MAGUI PAYAN BARRIO LA PLAYITA DE MAGUI,"CABECERA MINUCIPAL DE MAGUI PAYAN BARRIO LA PLAYITA DE MAGUI,MAGUI (PAYAN),Colombia","(1.7658466, -78.1838239)"
52,NARIÑO,52699,SANTA CRUZ (GUACHAVES),ESTACION DE SERVICIO CRISTAL LIMITADA,TERPEL,VEREDA EL BARAZON,GASOLINA CORRIENTE OXIGENADA,"6,300",1,2017-04-12,VEREDA EL BARAZON,"VEREDA EL BARAZON,SANTA CRUZ (GUACHAVES),Colombia","(1.51723, -77.25113999999999)"
52,NARIÑO,52699,SANTA CRUZ (GUACHAVES),ESTACION DE SERVICIO CRISTAL LIMITADA,TERPEL,VEREDA EL BARAZON,BIODIESEL EXTRA,"6,400",1,2017-04-12,VEREDA EL BARAZON,"VEREDA EL BARAZON,SANTA CRUZ (GUACHAVES),Colombia","(1.51723, -77.25113999999999)"
52,NARIÑO,52320,GUAITARILLA,ESTACION DE SERVICIO SAN FRANCISCO,TERPEL,Barrio San Francisco,BIODIESEL EXTRA,"6,250",1,2017-05-01,Barrio San Francisco,"Barrio San Francisco,GUAITARILLA,Colombia","(1.130349, -77.550994)"
52,NARIÑO,52320,GUAITARILLA,ESTACION DE SERVICIO SAN FRANCISCO,TERPEL,Barrio San Francisco,GASOLINA CORRIENTE OXIGENADA,"6,150",1,2017-05-01,Barrio San Francisco,"Barrio San Francisco,GUAITARILLA,Colombia","(1.130349, -77.550994)"
25,CUNDINAMARCA,25307,GIRARDOT,EDS LA MAGDALENA-GIRARDOT,TEXACO,CARRERA 10 ENTRE CALLES 29 Y 30  BARRIO LA MACARENA,BIODIESEL EXTRA,"7,860",1,2017-05-04,CARRERA 10 ENTRE CALLES 29 Y 30  BARRIO LA MACARENA,"CARRERA 10 ENTRE CALLES 29 Y 30  BARRIO LA MACARENA,GIRARDOT,Colombia","(4.3045959, -74.8031414)"
25,CUNDINAMARCA,25307,GIRARDOT,EDS LA MAGDALENA-GIRARDOT,TEXACO,CARRERA 10 ENTRE CALLES 29 Y 30  BARRIO LA MACARENA,GASOLINA CORRIENTE OXIGENADA,"8,465",1,2017-05-04,CARRERA 10 ENTRE CALLES 29 Y 30  BARRIO LA MACARENA,"CARRERA 10 ENTRE CALLES 29 Y 30  BARRIO LA MACARENA,GIRARDOT,Colombia","(4.3045959, -74.8031414)"
25,CUNDINAMARCA,25307,GIRARDOT,EDS LA MAGDALENA-GIRARDOT,TEXACO,CARRERA 10 ENTRE CALLES 29 Y 30  BARRIO LA MACARENA,GASOLINA EXTRA OXIGENADA,"11,320",1,2017-05-04,CARRERA 10 ENTRE CALLES 29 Y 30  BARRIO LA MACARENA,"CARRERA 10 ENTRE CALLES 29 Y 30  BARRIO LA MACARENA,GIRARDOT,Colombia","(4.3045959, -74.8031414)"
25,CUNDINAMARCA,25486,NEMOCON,LA JUANITA,TEXACO,VIA UBATE PEAJE CASABLANCA FINCA LA JUANITA,BIODIESEL EXTRA,"7,614",1,2017-08-05,VIA UBATE PEAJE CASABLANCA FINCA LA JUANITA,"VIA UBATE PEAJE CASABLANCA FINCA LA JUANITA,NEMOCON,Colombia","(5.1042254, -73.912866)"
25,CUNDINAMARCA,25486,NEMOCON,LA JUANITA,TEXACO,VIA UBATE PEAJE CASABLANCA FINCA LA JUANITA,GASOLINA CORRIENTE OXIGENADA,"8,127",1,2017-08-05,VIA UBATE PEAJE CASABLANCA FINCA LA JUANITA,"VIA UBATE PEAJE CASABLANCA FINCA LA JUANITA,NEMOCON,Colombia","(5.1042254, -73.912866)"
25,CUNDINAMARCA,25486,NEMOCON,LA JUANITA,TEXACO,VIA UBATE PEAJE CASABLANCA FINCA LA JUANITA,BIOACEM AL 9%,"7,614",1,2017-08-05,VIA UBATE PEAJE CASABLANCA FINCA LA JUANITA,"VIA UBATE PEAJE CASABLANCA FINCA LA JUANITA,NEMOCON,Colombia","(5.1042254, -73.912866)"
52,NARIÑO,52079,BARBACOAS,LA ESTACION DE SERVICIO URIBE URIBE,TEXACO,BARRIO LAS BRISAS,GASOLINA CORRIENTE OXIGENADA,"8,700",1,2017-05-04,BARRIO LAS BRISAS,"BARRIO LAS BRISAS,BARBACOAS,Colombia","(1.5635978, -78.0195387)"
52,NARIÑO,52079,BARBACOAS,LA ESTACION DE SERVICIO URIBE URIBE,TEXACO,BARRIO LAS BRISAS,BIODIESEL EXTRA,"8,600",1,2017-05-04,BARRIO LAS BRISAS,"BARRIO LAS BRISAS,BARBACOAS,Colombia","(1.5635978, -78.0195387)"
52,NARIÑO,52696,SANTA BARBARA (ISCUANDE),ESTACION DE SERVICIO GASOLINERA LAS XXX,PETROMIL,VEREDA SANTA RITA,BIODIESEL EXTRA,"6,500",1,2017-06-02,VEREDA SANTA RITA,"VEREDA SANTA RITA,SANTA BARBARA (ISCUANDE),Colombia","(2.4505212, -77.98026930000002)"
52,NARIÑO,52696,SANTA BARBARA (ISCUANDE),ESTACION DE SERVICIO GASOLINERA LAS XXX,PETROMIL,VEREDA SANTA RITA,GASOLINA CORRIENTE OXIGENADA,"6,300",1,2017-06-02,VEREDA SANTA RITA,"VEREDA SANTA RITA,SANTA BARBARA (ISCUANDE),Colombia","(2.4505212, -77.98026930000002)"
52,NARIÑO,52520,FRANCISCO PIZARRO (SALAHONDA),COMBUSTIBLE MAR PACIFICO LTDA,BIOMAX,BARRIO MIRAFLORES,GASOLINA CORRIENTE OXIGENADA,"8,000",1,2017-03-30,BARRIO MIRAFLORES,"BARRIO MIRAFLORES,FRANCISCO PIZARRO (SALAHONDA),Colombia","(2.0403017, -78.6582394)"
52,NARIÑO,52520,FRANCISCO PIZARRO (SALAHONDA),COMBUSTIBLE MAR PACIFICO LTDA,BIOMAX,BARRIO MIRAFLORES,BIODIESEL EXTRA,"8,000",1,2017-03-30,BARRIO MIRAFLORES,"BARRIO MIRAFLORES,FRANCISCO PIZARRO (SALAHONDA),Colombia","(2.0403017, -78.6582394)"
52,NARIÑO,52079,BARBACOAS,ESTACION DE SERVICIO COMBUSTIBLES Y LUBRICANTES  EL 20 DE JULIO,TERPEL,MUELLE PRINCIPAL,BIODIESEL EXTRA,"6,810",1,2017-10-06,MUELLE PRINCIPAL,"MUELLE PRINCIPAL,BARBACOAS,Colombia","(1.5635978, -78.0195387)"
52,NARIÑO,52079,BARBACOAS,ESTACION DE SERVICIO COMBUSTIBLES Y LUBRICANTES  EL 20 DE JULIO,TERPEL,MUELLE PRINCIPAL,GASOLINA CORRIENTE OXIGENADA,"6,950",1,2017-10-06,MUELLE PRINCIPAL,"MUELLE PRINCIPAL,BARBACOAS,Colombia","(1.5635978, -78.0195387)"
52,NARIÑO,52427,MAGUI (PAYAN),ESTACION DE SERVICIO EL NAZARENO,BIOMAX,CALLE PRINCIPAL DE MAGUI,GASOLINA CORRIENTE OXIGENADA,"7,500",1,2017-10-28,CALLE PRINCIPAL DE MAGUI,"CALLE PRINCIPAL DE MAGUI,MAGUI (PAYAN),Colombia","(1.7658466, -78.1838239)"
52,NARIÑO,52427,MAGUI (PAYAN),ESTACION DE SERVICIO EL NAZARENO,BIOMAX,CALLE PRINCIPAL DE MAGUI,BIODIESEL EXTRA,"7,500",1,2017-10-28,CALLE PRINCIPAL DE MAGUI,"CALLE PRINCIPAL DE MAGUI,MAGUI (PAYAN),Colombia","(1.7658466, -78.1838239)"
52,NARIÑO,52079,BARBACOAS,SERVICIO DE COMBUSTIBLE ORTIZ,BIOMAX,BARBACOAS DE BARBACOAS,BIODIESEL EXTRA,"6,530",1,2017-07-01,BARBACOAS DE BARBACOAS,"BARBACOAS DE BARBACOAS,BARBACOAS,Colombia","(1.6711084, -78.139393)"
52,NARIÑO,52079,BARBACOAS,SERVICIO DE COMBUSTIBLE ORTIZ,BIOMAX,BARBACOAS DE BARBACOAS,KEROSENE,"5,000",1,2017-07-01,BARBACOAS DE BARBACOAS,"BARBACOAS DE BARBACOAS,BARBACOAS,Colombia","(1.6711084, -78.139393)"
52,NARIÑO,52079,BARBACOAS,SERVICIO DE COMBUSTIBLE ORTIZ,BIOMAX,BARBACOAS DE BARBACOAS,GASOLINA CORRIENTE OXIGENADA,"6,620",1,2017-07-01,BARBACOAS DE BARBACOAS,"BARBACOAS DE BARBACOAS,BARBACOAS,Colombia","(1.6711084, -78.139393)"
52,NARIÑO,52696,SANTA BARBARA (ISCUANDE),ESTACION DE SERVICIO LA COLONIA,PETROMIL,MUELLE VEREDA SANTA RITA,GASOLINA CORRIENTE OXIGENADA,"6,300",1,2017-08-16,MUELLE VEREDA SANTA RITA,"MUELLE VEREDA SANTA RITA,SANTA BARBARA (ISCUANDE),Colombia","(2.4505212, -77.98026930000002)"
52,NARIÑO,52696,SANTA BARBARA (ISCUANDE),ESTACION DE SERVICIO LA COLONIA,PETROMIL,MUELLE VEREDA SANTA RITA,BIODIESEL EXTRA,"6,250",1,2017-08-16,MUELLE VEREDA SANTA RITA,"MUELLE VEREDA SANTA RITA,SANTA BARBARA (ISCUANDE),Colombia","(2.4505212, -77.98026930000002)"
52,NARIÑO,52079,BARBACOAS,COMBUSTIBLES ADRIAN,TERPEL,Las Riveras del Río Telembí,GASOLINA CORRIENTE OXIGENADA,"6,950",1,2017-10-06,Las Riveras del Río Telembí,"Las Riveras del Río Telembí,BARBACOAS,Colombia","(1.503034049436271, -77.97385956950869)"
52,NARIÑO,52079,BARBACOAS,COMBUSTIBLES ADRIAN,TERPEL,Las Riveras del Río Telembí,BIODIESEL EXTRA,"6,810",1,2017-10-06,Las Riveras del Río Telembí,"Las Riveras del Río Telembí,BARBACOAS,Colombia","(1.503034049436271, -77.97385956950869)"
25,CUNDINAMARCA,25807,TIBIRITA,ESTACION DE SERVICIO EL SALITRE,BIOMAX,VEREDA LOS LLANOS,GASOLINA CORRIENTE OXIGENADA,"8,580",1,2017-03-06,VEREDA LOS LLANOS,"VEREDA LOS LLANOS,TIBIRITA,Colombia","(5.052433, -73.5046459)"
25,CUNDINAMARCA,25807,TIBIRITA,ESTACION DE SERVICIO EL SALITRE,BIOMAX,VEREDA LOS LLANOS,BIODIESEL EXTRA,"8,170",1,2017-03-06,VEREDA LOS LLANOS,"VEREDA LOS LLANOS,TIBIRITA,Colombia","(5.052433, -73.5046459)"
52,NARIÑO,52473,MOSQUERA,ESTACION DE SERVICIO EL SOL,BIOMAX,BARRIO EL CARMEN,GASOLINA CORRIENTE OXIGENADA,"7,250",1,2017-04-05,BARRIO EL CARMEN,"BARRIO EL CARMEN,MOSQUERA,Colombia","(4.570868, -74.297333)"
